"cxTwoPoint, mutFlipBit, selTournament"
-1.5354198579198584
-0.9100841935841936
-0.9100841935841936
-0.6439534632034631
