epoch,train_loss,val_accuracy
1,0.6938256586299223,50.0
2,0.6850285074290108,61.76470588235294
3,0.6567623299710891,67.6470588235294
