epoch,train_loss,val_accuracy
1,0.700201483333812,76.47058823529412
2,0.6917861524750205,50.0
3,0.6889770802329568,50.0
4,0.6840020348044002,55.88235294117647
5,0.6741144131211674,55.88235294117647
6,0.6492979771950665,67.6470588235294
7,0.5952452368596021,76.47058823529412
8,0.5665591639630935,70.58823529411765
9,0.49191491744097543,76.47058823529412
10,0.4840150072294123,61.76470588235294
